<?xml version="1.0" encoding="UTF-8"?>
<!DOCTYPE hibernate-configuration PUBLIC
		"-//Hibernate/Hibernate Configuration DTD 3.0//EN"
		"http://www.hibernate.org/dtd/hibernate-configuration-3.0.dtd">
<hibernate-configuration>
    <session-factory>
      <property name="hibernate.connection.username">HIBERNATE_TEST</property>
      <property name="hibernate.connection.password">p4ssw0rd</property>
      <property name="hibernate.connection.url">jdbc:oracle:thin:@usfdbjava.cgmoq4yzdcov.us-east-1.rds.amazonaws.com:1521:ORCL</property>
	  <property name="hibernate.connection.driver_class">oracle.jdbc.driver.OracleDriver</property>
      <property name="hibernate.dialect">org.hibernate.dialect.Oracle10gDialect</property>
      
      <!-- Show SQL Output -->
      <property name="hibernate.show_sql">true</property>
      
      <!-- Auto generate/update schema -->
	  <property name="hibernate.hbm2ddl.auto">update</property>

      <!-- Validate schema (Used when you don't want hibernate to modify your schema) -->
	  <!--property name="hibernate.hbm2ddl.auto">validate</property>-->
	  
	  <!-- Mapping -->
	  <mapping class="com.revature.model.Pokemon"/>
	  <mapping class="com.revature.model.PokemonType"/>
	  <mapping class="com.revature.model.PokemonTrainer"/>
    </session-factory>
</hibernate-configuration>
